yintercept	PANEL
2.63559544004392	1
0.995735208131567	2
