y	x	label	PANEL	group
3.34685523462656	105	best validation loss	1	-1
1.63283512742691	60	largest tree	2	-1
1.63283512742691	87	best validation error.percent	2	-1
